title,seendate,domain,language,sourcecountry,url,socialimage,url_mobile,is_conflict_relevant,conflict_topic,domain_category,publish_date,publish_hour,publish_day
Israel todavía está en guerra y en alerta,2026-09-28 01:00:00,ellitoral.com,Spanish,Argentina,https://www.ellitoral.com/opinion/conflictos-guerras-fronteras-mediooriente-israel-libano-eeuu-gaza-siria-iran-hamas-hezbola-huties-yemen-franja-enclave-palestina-palestinos-gazaties-proxies-fakes-israelies-trump-netanyahu_0_4oVQPAqtTQ.html,https://www.ellitoral.com/images/2026/09/26/5yShYWjxJ_1300x655__1.jpg,https://www.ellitoral.com/opinion/conflictos-guerras-fronteras-mediooriente-israel-libano-eeuu-gaza-siria-iran-hamas-hezbola-huties-yemen-franja-enclave-palestina-palestinos-gazaties-proxies-fakes-israelies-trump-netanyahu_0_4oVQPAqtTQ.amp.html,True,Middle East,News/Media,2026-09-28,1,Monday
El secretario de Defensa de Reino Unido habló sobre un posible conflicto militar por Malvinas : « Carecen de la capacidad »,2026-09-28 01:00:00,rionegro.com.ar,Spanish,Argentina,https://www.rionegro.com.ar/mundo/el-secretario-de-defensa-de-reino-unido-hablo-sobre-un-posible-conflicto-militar-por-malvinas-carecen-de-la-capacidad-4738878/,https://www.rionegro.com.ar/wp-content/uploads/2026/09/rn-2026-09-27T211331.527.jpg?&crop=1,https://www.rionegro.com.ar/mundo/el-secretario-de-defensa-de-reino-unido-hablo-sobre-un-posible-conflicto-militar-por-malvinas-carecen-de-la-capacidad-4738878/?amp=1,True,Other,News/Media,2026-09-28,1,Monday
Iran is fully prepared for,2026-09-28 01:00:00,azerbaijannews.net,English,Azerbaijan,http://www.azerbaijannews.net/news/279336147/iran-is-fully-prepared-for-doomsday-war-with-us-iran-fm-araghchi,https://chitra-api.kreatio.com/api/v1/wps/b6657fb/49d282e3-ca9b-4194-a150-83341b638560/0/ANI-20260927211327-600x315.jpg,,True,Middle East,News/Media,2026-09-28,1,Monday
Police investigate whether Iran linked to suspected RAF base terror plot,2026-09-28 01:00:00,theargus.co.uk,English,United Kingdom,https://www.theargus.co.uk/news/national/26585707.police-investigate-whether-iran-linked-suspected-raf-base-terror-plot/,https://www.theargus.co.uk/resources/images/21507533.jpg?type=og-image,,True,Middle East,News/Media,2026-09-28,1,Monday
Cornered in the Horn : Ethiopia New War Tests Abiy Ahmed Grip on Power,2026-09-28 01:00:00,wardheernews.com,English,Somalia,https://wardheernews.com/cornered-in-the-horn-ethiopias-new-war-tests-abiy-ahmeds-grip-on-power/,https://wardheernews.com/wp-content/uploads/2026/06/Ethiopia-Ethnic-Federalism.jpg,,True,Other,News/Media,2026-09-28,1,Monday
Former intel official warns united kingdom terror plot could reshape US base security,2026-09-28 01:00:00,foxnews.com,English,United States,https://www.foxnews.com/world/foiled-terror-plot-key-bomber-base-signals-wider-threat-us-military-installations-expert,https://static.foxnews.com/foxnews.com/content/uploads/2026/09/fairford-trump-split-1.jpg,https://www.foxnews.com/world/foiled-terror-plot-key-bomber-base-signals-wider-threat-us-military-installations-expert.amp,True,Other,News/Media,2026-09-28,1,Monday
"Trump rejects deal , Iran diplomat calls for  negotiated solution",2026-09-28 01:00:00,article.wn.com,English,United States,https://article.wn.com/view/2026/09/28/trump_rejects_deal_iran_diplomat_calls_for_8216negotiated_so/,,,True,Middle East,News/Media,2026-09-28,1,Monday
"Palestinian death toll in Gaza war passes 74 , 000 , and other Mideast news",2026-09-28 01:00:00,santafenewmexican.com,English,United States,https://www.santafenewmexican.com/ap/national/palestinian-death-toll-in-gaza-war-passes-74-000-and-other-mideast-news/article_7734665e-dcd3-5d35-8c21-9e630488bcca.html,https://bloximages.newyork1.vip.townnews.com/santafenewmexican.com/content/tncms/assets/v3/editorial/b/45/b45819cc-e034-553f-8e05-86917fcd03b0/6ab9a23072042.image.jpg?crop=1763%2C926%2C0%2C124,,True,Middle East,News/Media,2026-09-28,1,Monday
Police investigate whether Iran linked to suspected RAF base terror plot,2026-09-28 01:00:00,wisbechstandard.co.uk,English,United Kingdom,https://www.wisbechstandard.co.uk/news/national/26585707.police-investigate-whether-iran-linked-suspected-raf-base-terror-plot/,https://www.wisbechstandard.co.uk/resources/images/21507533.jpg?type=og-image,,True,Middle East,News/Media,2026-09-28,1,Monday
Police investigate whether Iran linked to suspected RAF base terror plot,2026-09-28 01:00:00,sloughobserver.co.uk,English,United Kingdom,https://www.sloughobserver.co.uk/news/national/26585707.police-investigate-whether-iran-linked-suspected-raf-base-terror-plot/,https://www.sloughobserver.co.uk/resources/images/21507533.jpg?type=og-image,,True,Middle East,News/Media,2026-09-28,1,Monday
Police investigate whether Iran linked to suspected RAF base terror plot,2026-09-28 01:00:00,bucksfreepress.co.uk,English,United Kingdom,https://www.bucksfreepress.co.uk/news/national/26585707.police-investigate-whether-iran-linked-suspected-raf-base-terror-plot/,https://www.bucksfreepress.co.uk/resources/images/21507533.jpg?type=og-image,,True,Middle East,News/Media,2026-09-28,1,Monday
"Hungary , Ukraine Face Diplomatic Tensions ( Worthy News Analysis )",2026-09-28 01:00:00,worthynews.com,English,Israel,https://www.worthynews.com/117794-hungary-ukraine-face-diplomatic-tensions-worthy-news-analysis,https://www.worthynews.com/wp-admin/admin-ajax.php?action=rank_math_overlay_thumb&id=113008&type=gif&hash=8468481a031b4850bff5edfaff4ac70e,,True,Ukraine,News/Media,2026-09-28,1,Monday
Las autoridades reconocidas de Yemen reivindican 2 . 300 víctimas hutíes y la muerte de cuatro expertos militares iraníes,2026-09-28 01:00:00,notimerica.com,Spanish,Colombia,https://www.notimerica.com/politica/noticia-autoridades-reconocidas-yemen-reivindican-2300-victimas-huties-muerte-cuatro-expertos-militares-iranies-20260928015604.html,https://img.europapress.es/fotoweb/fotonoticia_20260928015604_1200.jpg,,True,Middle East,News/Media,2026-09-28,1,Monday
Ông Trump ca ngợi thắng lợi trong cuộc chiến với Iran,2026-09-28 01:00:00,vov.vn,Vietnamese,Vietnam,http://vov.vn/the-gioi/ong-trump-ca-ngoi-thang-loi-trong-cuoc-chien-voi-iran-post1336516.vov,https://media.vov.vn/sites/default/files/styles/og_image/public/2026-09/trump-unga-81-2026-2.jpg?v=1790555357,,True,Middle East,News/Media,2026-09-28,1,Monday
Police investigate whether Iran linked to suspected RAF base terror plot,2026-09-28 01:00:00,southwalesargus.co.uk,English,United Kingdom,https://www.southwalesargus.co.uk/news/national/26585707.police-investigate-whether-iran-linked-suspected-raf-base-terror-plot/,https://www.southwalesargus.co.uk/resources/images/21507533.jpg?type=og-image,,True,Middle East,News/Media,2026-09-28,1,Monday
"Cold War Missile Silo Beneath West Texas , Now A Home",2026-09-28 01:00:00,keanradio.com,English,United States,https://keanradio.com/ixp/142/p/cold-war-missile-silo-west-texas/,https://townsquare.media/site/142/files/2026/09/attachment-800594008_1069586969148031_7969766675811672346_n.jpg?&q=75&format=natural,,True,Other,News/Media,2026-09-28,1,Monday
Gaza chuẩn bị cho cuộc bầu cử lập pháp,2026-09-28 01:00:00,vov.vn,Vietnamese,Vietnam,http://vov.vn/the-gioi/gaza-chuan-bi-cho-cuoc-bau-cu-lap-phap-trong-boi-canh-thach-thuc-ve-an-ninh-post1336511.vov,https://media.vov.vn/sites/default/files/styles/og_image/public/2026-09/bau-cu_1.jpg?v=1790554282,,True,Middle East,News/Media,2026-09-28,1,Monday
"Tak Ada Jabat Tangan , Irlandia dan Israel Jalani Laga UEFA Nations League dengan Tegang",2026-09-28 01:00:00,jawapos.com,Indonesian,Indonesia,https://www.jawapos.com/sepak-bola-dunia/2609280054/tak-ada-jabat-tangan-irlandia-dan-israel-jalani-laga-uefa-nations-league-dengan-tegang,https://cdn-assets.jawapos.com/images/1/2026/09/28/timnas-republik-irandia-istimewa-GtF9i.webp,https://www.jawapos.com/amp/sepak-bola-dunia/2609280054/tak-ada-jabat-tangan-irlandia-dan-israel-jalani-laga-uefa-nations-league-dengan-tegang,True,Middle East,News/Media,2026-09-28,1,Monday
Greece stun Klopp Germany as Ireland show sorrow for Gaza - Sport,2026-09-28 01:00:00,namibian.com.na,English,Namibia,https://www.namibian.com.na/greece-stun-klopps-germany-as-ireland-show-sorrow-for-gaza/,https://d4f7y6nbupj5z.cloudfront.net/wp-content/uploads/2026/09/Germany-v-Greece-1-1024x720.jpeg,,True,Middle East,News/Media,2026-09-28,1,Monday
Iran is fully prepared for doomsday war with US : FM Araghchi,2026-09-28 01:00:00,azerbaijannews.net,English,Azerbaijan,http://www.azerbaijannews.net/news/279336125/iran-is-fully-prepared-for-doomsday-war-with-us-fm-araghchi,https://chitra-api.kreatio.com/api/v1/wps/9870386/867d7a78-cba0-4958-a0fa-d083ff24811e/0/ANI-20260927211327-600x315.jpg,,True,Middle East,News/Media,2026-09-28,1,Monday
Police investigate whether Iran linked to suspected RAF base terror plot,2026-09-28 01:00:00,whtimes.co.uk,English,United Kingdom,https://www.whtimes.co.uk/news/national/26585707.police-investigate-whether-iran-linked-suspected-raf-base-terror-plot/,https://www.whtimes.co.uk/resources/images/21507533.jpg?type=og-image,,True,Middle East,News/Media,2026-09-28,1,Monday
Who really benefitted from the DRC war ?,2026-09-28 01:00:00,insiderzim.com,English,Zimbabwe,https://insiderzim.com/who-really-benefitted-from-the-drc-war/,,https://insiderzim.com/who-really-benefitted-from-the-drc-war/amp/,True,Other,News/Media,2026-09-28,1,Monday
Putin vil gøre Ukraine ubeboeligt . Det må ikke lykkes for ham,2026-09-28 01:00:00,jyllands-posten.dk,Danish,Denmark,https://jyllands-posten.dk/debat/leder/ECE19657804/putin-vil-goere-ukraine-ubeboeligt-det-maa-ikke-lykkes-for-ham/?fp-exp=60730012&fp-alg=607300121,https://billeder.jyllands-posten.dk/pictures/image/19225072/uouwns/ALTERNATES/master-social/portraet-af-poul-funder,,True,Ukraine,News/Media,2026-09-28,1,Monday
Police investigate whether Iran linked to suspected RAF base terror plot,2026-09-28 01:00:00,harrowtimes.co.uk,English,United Kingdom,https://www.harrowtimes.co.uk/news/national/26585707.police-investigate-whether-iran-linked-suspected-raf-base-terror-plot/,https://www.harrowtimes.co.uk/resources/images/21507533.jpg?type=og-image,,True,Middle East,News/Media,2026-09-28,1,Monday
Tổng thống Trump gửi thông điệp mới sau khi bác kế hoạch 7 ngày của Iran,2026-09-28 01:00:00,thanhnien.vn,Vietnamese,Vietnam,https://thanhnien.vn/tong-thong-trump-gui-thong-diep-moi-sau-khi-bac-ke-hoach-7-ngay-cua-iran-185260928071229647.htm,https://images2.thanhnien.vn/zoom/1200_630/528068263637045248/2026/9/27/tong-thong-trump-phat-bieu-tai-mot-su-kien-1790553331757481636841-123-0-1170-2000-crop-1790553468700430778344.jpg,,True,Middle East,News/Media,2026-09-28,1,Monday
Prisonniers nord - coréens en Ukraine : Séoul demande des excuses de Kyiv et réaffirme laccord de confidentialité,2026-09-28 01:00:00,world.kbs.co.kr,French,South Korea,https://world.kbs.co.kr/service/news_view.htm?lang=f&Seq_Code=96506,https://worldimg.kbs.co.kr/src/images/news/202609/260925010006_79_k.jpg,,True,Ukraine,News/Media,2026-09-28,1,Monday
Pastor Fatally Shot By Myanmar Military Personnel - Worthy Christian News,2026-09-28 01:00:00,worthynews.com,English,Israel,https://www.worthynews.com/117789-pastor-fatally-shot-by-myanmar-military-personnel,https://www.worthynews.com/wp-admin/admin-ajax.php?action=rank_math_overlay_thumb&id=50506&type=gif&hash=82c06fd19589980595e4e16e57cfd877,,True,Myanmar,News/Media,2026-09-28,1,Monday
Bank Strike Called Off ; High - Level Committee For 5 - Day Work Week,2026-09-27 22:30:00,divyamarathi.bhaskar.com,Marathi,India,https://divyamarathi.bhaskar.com/business/news/bank-strike-called-off-5-day-work-week-committee-formed-139171255.html,,https://divyamarathi.bhaskar.com/amp/business/news/bank-strike-called-off-5-day-work-week-committee-formed-139171255.html,True,Other,News/Media,2026-09-27,22,Sunday
Russian Foreign Minister rejects German calls to ease  dangerou escalation,2026-09-27 22:30:00,morningstaronline.co.uk,English,United Kingdom,https://morningstaronline.co.uk/article/lavrov-rejects-german-calls-russia-ease-dangerous-escalation-towards-them,https://morningstaronline.co.uk/sites/default/files/styles/wide/public/2026-09/Foreign%20Minister%20Sergey%20Lavrov%20of%20Russia%20speaks%2081st%20session%20United%20Nations%20General%20Assembly%20UN%20headquarters%2C%20September%2026%2C%202026.jpg.webp?itok=KZs2r_e_,,True,Ukraine,News/Media,2026-09-27,22,Sunday
Iranska vojska tvrdi da je spremna za eventualni novi napad SAD,2026-09-27 21:45:00,naslovi.net,Serbian,Serbia,https://naslovi.net/2026-09-27/n1-info/iranska-vojska-tvrdi-da-je-spremna-za-eventualni-novi-napad-sad/42415468,https://n1info.rs/media/images/2026/9/20/1789726068_2026-09-18T090032Z_1464006408_RC2.width-1200.webp,,True,Middle East,News/Media,2026-09-27,21,Sunday
Iran says it wont soften Hormuz demands after Trump rejects proposal | Hellenic Shipping News Worldwide,2026-09-27 21:45:00,hellenicshippingnews.com,English,China,https://www.hellenicshippingnews.com/iran-says-it-wont-soften-hormuz-demands-after-trump-rejects-proposal/,,,True,Middle East,News/Media,2026-09-27,21,Sunday
